Index,X,Y,Z,Timestamp
0,0.00034634146341463377,0.0001447154471544748,0.001200000000000001,0.0
1,-0.015564024390243902,-0.006891666666666656,0.01170000000000001,0.033
2,-0.027142174796747968,-0.006746951219512181,0.012900000000000012,0.066
3,-0.03275807926829268,-0.010192784552845509,0.01636842105263159,0.099
4,-0.03241173780487805,-0.010048069105691034,0.01886842105263158,0.132
5,-0.04292210365853658,-0.008644629455909892,0.021368421052631568,0.165
6,-0.05115020121951219,-0.005296966854283872,0.019347587719298225,0.198
7,-0.0593782987804878,0.0005278403168647739,0.01732675438596488,0.231
8,-0.06760639634146341,0.00635264748801342,0.015305921052631536,0.264
9,-0.07583449390243903,0.012657457786116403,0.007201754385964841,0.29700000000000004
10,-0.07931693894911172,0.01848226495726505,-0.0009024122807018541,0.33
11,-0.08220237318663166,0.02155480334931564,-0.006457967836257396,0.363
12,-0.08488225123541214,0.01870894057293086,0.0002242751543968342,0.396
13,-0.08286601020241358,0.01479384572198237,0.006199275154396848,0.42900000000000005
14,-0.08043657202743482,0.01087875087103388,0.012174275154396862,0.462
15,-0.07800713385245606,0.0069636560200853894,0.018149275154396877,0.495
16,-0.07599089281945749,0.006373120890853499,0.020119424408128212,0.528
17,-0.07682739408102184,0.0064549599713132665,0.020140257741461533,0.561
18,-0.08437442536951656,0.006536799051773034,0.020147154293185667,0.5940000000000001
19,-0.09192145665801128,0.012127358202262507,0.0201540508449098,0.627
20,-0.099468487946506,0.01771791735275198,0.020174884178243122,0.66
21,-0.10701551923500073,0.02330847650324145,0.024262475419119047,0.6930000000000001
22,-0.11456255052349545,0.02420793647594337,0.028350066659994972,0.726
23,-0.12106520524392023,0.029798495626432844,0.03243765790087089,0.759
24,-0.13046032719513972,0.03140619210339762,0.03652524914174682,0.792
25,-0.1414058358209577,0.03691759404668537,0.0401919158084135,0.8250000000000001
26,-0.1508009577721772,0.0414820052714428,0.04385858247508018,0.8580000000000001
27,-0.15790061683328394,0.04604641649620023,0.047525249141746856,0.891
28,-0.1688461254591019,0.04765411297316501,0.04565568392435555,0.924
29,-0.17752141001194743,0.04825021053414062,0.04378611870696425,0.9570000000000001
30,-0.18462106907305417,0.04884630809511623,0.048373618706964244,0.99
31,-0.19007182820715152,0.04403371511812263,0.04650405348957294,1.0230000000000001
32,-0.19874711275999704,0.04069429067625916,0.04759929158481103,1.056
33,-0.20742239731284257,0.03889078848739112,0.048694529680049115,1.089
34,-0.21363774690633852,0.037087286298523085,0.04815452968004913,1.122
35,-0.22218876629345546,0.03528378410965505,0.044277606603126046,1.155
36,-0.23358729513588675,0.03348028192078701,0.04116785050556508,1.1880000000000002
37,-0.2433610811169898,0.0333174166164583,0.03805809440800412,1.221
38,-0.2531348670980929,0.03413943287662089,0.03751809440800413,1.254
39,-0.26650215165093843,0.03595180221459998,0.03440833831044317,1.2870000000000001
40,-0.27986943620378396,0.036937396726795094,0.03784583831044316,1.32
41,-0.29242896364280835,0.037922991238990206,0.041283338310443146,1.353
42,-0.3057962481956539,0.03890858575118532,0.038569052596157435,1.3860000000000001
43,-0.32224407049530546,0.0357879818022887,0.035854766881871725,1.419
44,-0.33480359793432984,0.03266737785339208,0.03750556053266537,1.452
45,-0.3450162516762519,0.02771317731138665,0.03479127481837966,1.485
46,-0.36291859778542723,0.02459257336249003,0.036442068469173305,1.518
47,-0.3734572006159,0.02205869802373664,0.03809286211996695,1.5510000000000002
48,-0.383669854357822,0.021376421600972417,0.03822329690257565,1.584
49,-0.39388250809974407,0.019658628718125567,0.03835373168518435,1.617
50,-0.4044211109302168,0.018906075872597117,0.03848416646779305,1.6500000000000001
51,-0.41387517597086726,0.017751604327881674,0.038614601250401746,1.683
52,-0.4233292410115177,0.016999051482353224,0.03928673239794273,1.7160000000000002
53,-0.4342732410115177,0.016246498636824775,0.04009270254719644,1.749
54,-0.445326329016082,0.01963640277467211,0.0412514327059266,1.782
55,-0.45637941702064627,0.023026306912519442,0.04241016286465676,1.8150000000000002
56,-0.4687929361844093,0.026416211050366775,0.043568893023386915,1.848
57,-0.48120645534817236,0.026164410818078722,0.04472762318211707,1.881
58,-0.4936199745119354,0.02464314076754039,0.043669652167624314,1.9140000000000001
59,-0.5060334936756985,0.023121870717002058,0.042611681153131555,1.947
60,-0.5184470128394616,0.022870070484714004,0.04461168115313157,1.98
61,-0.5304591833248028,0.02270086624721709,0.04355371013863881,2.013
62,-0.5418202363639046,0.022661493424917443,0.04555371013863883,2.0460000000000003
63,-0.5531812894030065,0.02453308667816342,0.04824418632911501,2.079
64,-0.5625989855280197,0.027131756301223293,0.050934662519591195,2.112
65,-0.5720166816530329,0.029730425924283165,0.05362513871006738,2.145
66,-0.5804955021022543,0.03192471827536994,0.05631561490054357,2.178
67,-0.5889743225514757,0.03473876114307135,0.05846561490054358,2.2110000000000003
68,-0.5953684282425327,0.03755280401077277,0.060615614900543596,2.244
69,-0.5985997019552698,0.039747096361859545,0.06153985732478603,2.277
70,-0.6018309756680069,0.04256113922956096,0.060539857324786034,2.31
71,-0.605062249380744,0.04537518209726237,0.061464099749028465,2.343
72,-0.6082935230934812,0.04429321760414805,0.06325283214339467,2.3760000000000003
73,-0.6145548639677595,0.040601817169016945,0.0644557306941193,2.4090000000000003
74,-0.6208162048420378,0.037216644888722714,0.0662444630884855,2.442
75,-0.6274781925639559,0.03352524445359161,0.0680331954828517,2.475
76,-0.6337395334382342,0.02954243806997223,0.07034801029766652,2.508
77,-0.6400008743125125,0.02555963168635285,0.0721646769643332,2.541
78,-0.6457686315998414,0.022174459406058618,0.07398134363099987,2.5740000000000003
79,-0.6539897181916597,0.021065949920963764,0.07485939241148766,2.607
80,-0.6597574754789887,0.01995744043586891,0.07573744119197545,2.64
81,-0.6655252327663176,0.018848930950774057,0.07603864601125257,2.673
82,-0.6700920650457515,0.014879390582103025,0.07611785393204465,2.706
83,-0.672178451484084,0.01061833969381636,0.07574748356167428,2.7390000000000003
84,-0.6737443051426205,0.006357288805529694,0.07537711319130391,2.7720000000000002
85,-0.6749431307975438,0.0023877484368586615,0.07545632111209599,2.805
86,-0.6748474706578438,0.000315472927586716,0.07662533519660303,2.838
87,-0.6747518105181438,0.003529186144364885,0.07790311297438081,2.871
88,-0.6717838081952634,0.009760641816064465,0.0799983510696189,2.904
89,-0.668815805872383,0.012974355032842635,0.082093589164857,2.9370000000000003
90,-0.6658478035495026,0.010902079523570689,0.08418882726009509,2.97
91,-0.6672483642447647,0.006843833298251293,0.08542097011723795,3.003
92,-0.6695284165095731,-0.00047026818759115206,0.08500717701378968,3.036
93,-0.6728586961050519,-0.007784369673433597,0.08459338391034141,3.069
94,-0.6761889757005307,-0.015098471159276042,0.08417959080689313,3.1020000000000003
95,-0.6795192552960095,-0.02299736070914715,0.08182593227030778,3.1350000000000002
96,-0.6827042695785848,-0.031252743808432674,0.07881078075515628,3.168
97,-0.6828106150078928,-0.04154230654189784,0.07662785392588799,3.201
98,-0.6797934450504789,-0.05259591654068441,0.07357379987183395,3.234
99,-0.676776275093065,-0.06364952653947098,0.06987141891945299,3.2670000000000003
100,-0.6737591051356512,-0.07470313653825755,0.06616903796707203,3.3000000000000003
101,-0.6707482331445783,-0.08114691144659487,0.06398611113780374,3.333
102,-0.6677373611535055,-0.08712764940782065,0.061370726522419136,3.366
103,-0.6656448137280312,-0.09310838736904643,0.05875534190703453,3.399
104,-0.6645124933228599,-0.09889953992763086,0.057799459554093345,3.4320000000000004
105,-0.6633801729176886,-0.10469069248621528,0.05684357720115216,3.4650000000000003
106,-0.6622478525125173,-0.11067143044744106,0.05588769484821097,3.498
107,-0.6605392259926237,-0.11646258300602548,0.05493181249526978,3.531
108,-0.6588305994727301,-0.11950635593933003,0.05439198948642023,3.564
109,-0.6560305994727301,-0.12207933309767305,0.053852166477570684,3.597
110,-0.6526260277748392,-0.11444339578177815,0.05513385661841576,3.6300000000000003
111,-0.6492214560769484,-0.10680745846588324,0.052995925583933,3.6630000000000003
112,-0.6458168843790575,-0.09917152114998834,0.05175202314490861,3.696
113,-0.6423045891945671,-0.09153558383409344,0.04961409211042585,3.729
114,-0.63513356184793,-0.08389964651819853,0.048370189671401456,3.762
115,-0.6231871410666491,-0.0903175326970603,0.047126287232377065,3.7950000000000004
116,-0.616016113720012,-0.09310147901271394,0.04753537814146799,3.8280000000000003
117,-0.6125038185355216,-0.08583992752219904,0.04864901450510434,3.861
118,-0.616104825117016,-0.08862387383785268,0.04976265086874068,3.894
119,-0.6197058316985105,-0.09852967575950826,0.05017174177783161,3.927
120,-0.6233068382800049,-0.10867316402457958,0.050447603846797126,3.96
121,-0.6288871228328504,-0.1188166522896509,0.05072346591576264,3.9930000000000003
122,-0.6352195357796214,-0.12925972638076919,0.04719516402897018,4.026
123,-0.638385389438158,-0.1409063201570518,0.043666862142177715,4.059
124,-0.6410164567275544,-0.15134939424817007,0.04013856025538525,4.0920000000000005
125,-0.6417163529392824,-0.1492475376773655,0.03860664536176822,4.125
126,-0.6424162491510105,-0.14714568110656095,0.03507834347497576,4.158
127,-0.6431161453627385,-0.14342283038869208,0.03354642858135873,4.191
128,-0.6438160415744666,-0.1396999796708232,0.0320145136877417,4.224
129,-0.6445159377861946,-0.13597712895295433,0.030482598794124672,4.257000000000001
130,-0.6449509909444185,-0.15036696635132832,0.030865577517528917,4.29
131,-0.6434555403303379,-0.1647568037497023,0.031248556240933163,4.323
132,-0.6392677996371415,-0.1791466411480763,0.028209082556722633,4.356
133,-0.6301370264145156,-0.19130008759558426,0.026469952121940022,4.389
134,-0.6210062531918897,-0.20345353404309222,0.02473082168715741,4.422000000000001
135,-0.6132556928754758,-0.21560698049060018,0.02169134800294688,4.455
136,-0.6055051325590618,-0.22776042693810813,0.018529185840784747,4.488
137,-0.5977545722426478,-0.2399138733856161,0.015367023678622613,4.521
138,-0.5900040119262339,-0.25286782936420027,0.01220486151646048,4.554
139,-0.5759826824188211,-0.26731533226780074,0.008432134243733215,4.587000000000001
140,-0.5615175166902407,-0.27820547762379977,0.004659406971005951,4.62
141,-0.5470523509616604,-0.2868077589003438,-1.3669952070995833e-05,4.6530000000000005
142,-0.5325572290104409,-0.2954100401768879,-0.004686746875147942,4.686
143,-0.5180920632818605,-0.3034015713421995,-0.009359823798224889,4.719
144,-0.504378654714939,-0.3025997096714089,-0.011005657131558237,4.752000000000001
145,-0.49066524614801754,-0.3017978480006183,-0.017901179519617928,4.785
146,-0.4727814238315335,-0.3009959863298277,-0.02370117951961794,4.8180000000000005
147,-0.4490300440078761,-0.30351436489389505,-0.02454966436810279,4.851
148,-0.42527516595909565,-0.3089764787150333,-0.02768299770143612,4.884
149,-0.3946718163655997,-0.3250897036472826,-0.03348299770143613,4.917
150,-0.3640684667721038,-0.34120292857953194,-0.03661633103476946,4.95
151,-0.33447240862970423,-0.35731615351178125,-0.037500051965002015,4.9830000000000005
152,-0.30487635048730466,-0.37342937844403057,-0.03838377289523457,5.016
153,-0.2736832726708122,-0.38006338541267165,-0.039080742592204266,5.049
154,-0.24408721452841262,-0.3846730429637926,-0.03910931402077569,5.082
155,-0.21289413671192017,-0.3892827005149136,-0.03904409662947134,5.115
156,-0.17884590906964373,-0.38953685392601295,-0.038978879238166994,5.148000000000001
157,-0.1476528312531513,-0.3897910073371123,-0.038913661846862645,5.181
158,-0.1224657813112233,-0.39004516074821166,-0.038848444455558295,5.214
159,-0.10533170670577136,-0.390299314159311,-0.044443381164419066,5.247
160,-0.09111987177729551,-0.3964460476087884,-0.050038317873279836,5.28
161,-0.08066009004434306,-0.40334961866981545,-0.05563325458214061,5.313000000000001
162,-0.07896671025340232,-0.4094963521192928,-0.06122819129100138,5.346
163,-0.08158770859241798,-0.4144382626883985,-0.0644115246243347,5.3790000000000004
164,-0.08455537796911175,-0.4193801732575042,-0.06074485795766805,5.412
165,-0.08752304734580552,-0.42030293748514647,-0.061471524624334715,5.445
166,-0.09049071672249928,-0.4212257017127887,-0.05888422303703312,5.478000000000001
167,-0.0933789985653177,-0.422148465940431,-0.05629692144973152,5.511
168,-0.09255143588409648,-0.42307123016807324,-0.053709619862429926,5.5440000000000005
169,-0.09152349679518178,-0.4246968143399989,-0.05112231827512833,5.577
170,-0.09049555770626708,-0.42632239851192455,-0.04853501668782673,5.61
171,-0.08966799502504585,-0.4255697336519426,-0.0496888628416729,5.643000000000001
172,-0.09479206006569625,-0.42321380576222895,-0.046824279508339554,5.676
173,-0.09991612510634665,-0.4208578778725153,-0.04765516186128073,5.7090000000000005
174,-0.10504019014699705,-0.4185019499828016,-0.0484860442142219,5.742
175,-0.10965702127714043,-0.4159396338405562,-0.04931692656716308,5.775
176,-0.11149874364991971,-0.4133773176983108,-0.05014780892010425,5.808
177,-0.113340466022699,-0.4140714459729269,-0.050978691273045426,5.841
178,-0.1159025256432952,-0.41476557424754296,-0.05234420851442473,5.8740000000000006
179,-0.1184645852638914,-0.4140994089358898,-0.054327541847758065,5.907
180,-0.12102664488448761,-0.41343324362423667,-0.05569305908913737,5.94
181,-0.12381827684958775,-0.4127670783125835,-0.056424766406210546,5.973
182,-0.12638033647018396,-0.4121009130009304,-0.05840809973954388,6.006
183,-0.12817874432926255,-0.41277125067363224,-0.0596289586352494,6.039000000000001
184,-0.12815217941330664,-0.41375360052938887,-0.05874992637718489,6.072
185,-0.12812561449735074,-0.4157428793977873,-0.0599707852728904,6.105
186,-0.12809904958139484,-0.41692879068727995,-0.06171762071592839,6.138
187,-0.12807248466543894,-0.4181147019767726,-0.06346445615896637,6.171
188,-0.12776966508405163,-0.4193006132662652,-0.06613925290693384,6.204000000000001
189,-0.12746684550266432,-0.42048652455575786,-0.07140455902938282,6.237
190,-0.127164025921277,-0.4120397517002742,-0.0766698651518318,6.2700000000000005
191,-0.1268612063398897,-0.4035929788447905,-0.08193517127428078,6.303
192,-0.13222938743346538,-0.39514620598930683,-0.0791508575487906,6.336
193,-0.13938219943581226,-0.37617571418602813,-0.07636654382330042,6.369000000000001
194,-0.14653501143815914,-0.361766544520561,-0.07182556021674304,6.402
195,-0.15368782344050602,-0.3473573748550939,-0.06728457661018565,6.4350000000000005
196,-0.1595478527621107,-0.33277647109256786,-0.06574290994351897,6.468
197,-0.1619363690222733,-0.3135283566837129,-0.0642012432768523,6.501
198,-0.16041339681580702,-0.2989474529211869,-0.0596602596702949,6.534000000000001
199,-0.15681830242418515,-0.2843665491586609,-0.05811859300362822,6.567
200,-0.14987339028151536,-0.27703084569993136,-0.06152988332620886,6.6000000000000005
201,-0.14292847813884557,-0.26969514224120184,-0.0649411736487895,6.633
202,-0.1393333837472237,-0.2630245370018161,-0.06835246397137014,6.666
203,-0.1353148799342786,-0.2594728236624605,-0.07176375429395078,6.699000000000001
204,-0.1312963761213335,-0.2559211103231049,-0.07067848297612134,6.732
205,-0.12727787230838838,-0.2547269589397306,-0.06837477927241764,6.765000000000001
206,-0.11974894022207502,-0.25353280755635627,-0.06494439952558219,6.798
207,-0.11222000813576166,-0.25233865617298196,-0.06151401977874674,6.831
208,-0.1046910760494483,-0.24229416963102915,-0.056047854365212896,6.864000000000001
209,-0.1010703298241289,-0.23224968308907634,-0.052556782936641455,6.897
210,-0.09880145101906176,-0.22220519654712353,-0.049126403189806,6.930000000000001
211,-0.09653257221399462,-0.2124509707955637,-0.04563533176123456,6.963
212,-0.09291182598867523,-0.20269674504400384,-0.04214426033266312,6.996
213,-0.08693599109186474,-0.192942519292444,-0.03865318890409168,7.029
214,-0.08096015619505426,-0.18318829354088415,-0.034914058469309055,7.062
215,-0.07400483704611807,-0.1808351023239326,-0.0301030348472618,7.095000000000001
216,-0.06802900214930759,-0.17286606582505695,-0.024262609315346916,7.128
217,-0.06580153285333801,-0.1648970293261813,-0.018422183783432033,7.1610000000000005
218,-0.06853820784213512,-0.15692799282730566,-0.013586362887909627,7.194
219,-0.07144212672402059,-0.14624044372709555,-0.008750541992387222,7.227
220,-0.0819147859000505,-0.13555289462688544,-0.013997733003623163,7.260000000000001
221,-0.0923874450760804,-0.12486534552667533,-0.019244924014859104,7.293
222,-0.09529136395796588,-0.11641534999375297,-0.018329431057112624,7.3260000000000005
223,-0.09819528283985135,-0.10796535446083061,-0.017413938099366144,7.359
224,-0.10467830000335634,-0.09951535892790825,-0.013080604766032821,7.392
225,-0.10511979280382654,-0.08535941517928157,-0.007603969252014147,7.425000000000001
226,-0.10556128560429673,-0.07107696260475584,-0.0021273337379954724,7.458
227,-0.10600277840476692,-0.0567945100302301,0.002955999595337852,7.4910000000000005
228,-0.09625533885244932,-0.04251205745570437,0.007289332928671175,7.524
229,-0.08650789930013171,-0.03188312703653004,0.012372666262004499,7.557
230,-0.0767604597478141,-0.02125419661735571,0.008996042885381117,7.590000000000001
231,-0.06724244922653239,-0.011247101273674997,0.005619419508757734,7.623
232,-0.06477570780049742,-0.0015717963956262352,0.00640691950875774,7.656000000000001
233,-0.06230896637446246,0.007015835501969353,0.009027289879128117,7.689
234,-0.06041010787072591,0.015902424973924675,0.011647660249498494,7.722
235,-0.059125331447961685,0.024789014445879998,0.015501318786083858,7.755000000000001
236,-0.05784055502519746,0.03367560391783532,0.019354977322669224,7.788
237,-0.05594169652146091,0.042263235815430907,0.02320863585925459,7.821000000000001
238,-0.05404283801772436,0.033287295774780505,0.02544301085925458,7.854
239,-0.05160759919658615,0.024311355734130104,0.024594526010769738,7.8870000000000005
240,-0.049172360375447935,0.015320417387246632,0.02216769674247706,7.92
241,-0.04673712155430972,0.006344477346596232,0.01974086747418438,7.953
242,-0.0554058478415726,-0.0017358121636159348,0.01320753414085105,7.986000000000001
243,-0.07052084570207753,-0.002556834230979451,0.0066742008075177175,8.019
244,-0.08563584356258247,-0.003377856298342967,0.00014086747418438558,8.052
245,-0.09430456984984534,-0.004121659304718354,-0.004959132525815603,8.085
246,-0.09793713222719326,-0.00494268137208187,-0.01005913252581559,8.118
247,-0.09719570390643524,-0.01090006853216036,-0.013361019318268422,8.151
248,-0.09220861999786029,-0.02260904230114332,-0.015439450690817445,8.184000000000001
249,-0.08722153608928533,-0.04080548347310222,-0.017517882063366467,8.217
250,-0.08114125552177376,-0.05900192464506112,-0.0208197688558193,8.25
251,-0.07506097495426219,-0.07719836581702003,-0.02412165564827213,8.283000000000001
252,-0.06893359493852655,-0.0947350053834157,-0.028138322314938798,8.316
253,-0.05943039188239961,-0.11218289418488436,-0.032154988981605466,8.349
254,-0.047655316706990344,-0.12541198616255111,-0.03869715765630427,8.382
255,-0.03588024153158108,-0.13850257531501797,-0.045239326331003075,8.415000000000001
256,-0.022079606076950656,-0.14973012725720403,-0.05335426885973873,8.448
257,-0.008278970622320232,-0.15965718080360153,-0.061741656247126124,8.481
258,0.005521664832310192,-0.16885164411532325,-0.0705772726854823,8.514000000000001
259,0.020152703218643396,-0.1761264133036931,-0.0789646600728697,8.547
260,0.041700643138720524,-0.18532087661541483,-0.08707960260160535,8.58
261,0.06605601479957994,-0.19451533992713654,-0.09282960260160536,8.613
262,0.09041138646043936,-0.2017901091155064,-0.0973750571470599,8.646
263,0.11476675812129879,-0.20293622884943102,-0.10192051169251445,8.679
264,0.116823230916796,-0.2125397857600001,-0.106465966237969,8.712
265,0.11458989758346266,-0.2194075364375069,-0.112215966237969,8.745000000000001
266,0.10654536060150743,-0.2262752871150137,-0.11938263290463573,8.778
267,0.0985008236195522,-0.2557260747166398,-0.12654929957130245,8.811
268,0.09045628663759697,-0.2885357911552676,-0.12933501385701676,8.844000000000001
269,0.10334449801971075,-0.3179865787568937,-0.13650168052368347,8.877
270,0.11623270940182454,-0.34743736635851974,-0.13928739480939778,8.91
271,0.12912092078393833,-0.361389768427995,-0.14176991229191527,8.943
272,0.13168236259416063,-0.3676813828298533,-0.14455562657762958,8.976
273,0.13424380440438294,-0.3718539953768743,-0.15099134086334387,9.009
274,0.13464917025804146,-0.37502413580555133,-0.15347385834586136,9.042
275,0.13505453611169999,-0.37919674835257233,-0.1533768434204882,9.075000000000001
276,0.14060411070046908,-0.38548836275443066,-0.1517435100871549,9.108
277,0.1522275253346154,-0.41259868795768273,-0.15011017675382157,9.141
278,0.17712004565981868,-0.4591620638771562,-0.14847684342048825,9.174000000000001
279,0.22294203559400372,-0.5211510069665871,-0.1641084223678567,9.207
280,0.27332333640701184,-0.583139950056018,-0.17974000131522513,9.24
281,0.32370463722001996,-0.645128893145449,-0.19826631710469877,9.273
282,0.3853618901083383,-0.6948761018175357,-0.21389789605206722,9.306000000000001
283,0.44978974918692916,-0.7446233104896224,-0.22952947499943566,9.339
284,0.51421760826552,-0.7943705191617091,-0.2480557907889093,9.372
285,0.6367008964317351,-0.8500431478879963,-0.26658210657838294,9.405000000000001
286,0.7591841845979502,-0.9280700510661191,-0.35980432880060514,9.438
287,0.8506473669440595,-1.0060969542442417,-0.47751861451489086,9.471
288,0.9031372412973485,-1.0841238574223644,-0.5952329002291765,9.504000000000001
289,0.9372651053032612,-1.1600835322191123,-0.6191079002291765,9.537
290,0.9688274901271094,-1.2000913574223644,-0.6429829002291765,9.57
291,0.9922200859459248,-1.2154647498835618,-0.6598299590527059,9.603
292,1.0124122607426727,-1.2308381423447592,-0.6596935954163423,9.636000000000001
293,1.023231887445982,-1.2386149425770472,-0.6710872124376189,9.669
294,1.0319396023741951,-1.2422444595545699,-0.666991671036345,9.702
295,1.0406473173024082,-1.2454190568854488,-0.6511345281792021,9.735000000000001
296,1.0392244403805697,-1.2485936542163278,-0.6352666036509003,9.768
297,1.0371671569669711,-1.2517682515472068,-0.6311710622496264,9.801
298,1.0339021431928666,-1.2567958535091768,-0.6232619713405355,9.834
299,1.030637129418762,-1.2623706883669004,-0.6116838463405355,9.867
300,1.0273721156446574,-1.267945523224624,-0.6037747554314447,9.9
301,1.0224926502590945,-1.272973125186594,-0.5999035433102325,9.933
302,1.01922763648499,-1.2755233781856274,-0.5960323311890204,9.966000000000001
303,1.017954647685172,-1.278073631184661,-0.5932840794407687,9.999
304,1.016681658885354,-1.279894806350958,-0.5905358276925169,10.032
305,1.015408670085536,-1.2817159815172552,-0.5877875759442651,10.065000000000001
306,1.014135681285718,-1.2828424985042794,-0.6033692085973263,10.098
307,1.0115219680689398,-1.2693493982812418,-0.6189508412503876,10.131
308,1.0089082548521615,-1.2558562980582042,-0.6309508412503876,10.164
309,1.0062945416353832,-1.2423631978351666,-0.6429508412503876,10.197000000000001
310,1.0067094916934551,-1.2426287588107763,-0.652111146593899,10.23
311,1.007124441751527,-1.2440713627763842,-0.6537282894510419,10.263
312,1.007539391809599,-1.2462292381151376,-0.648116778659675,10.296000000000001
313,1.0066665878484766,-1.250701760885478,-0.6497339215168179,10.329
314,0.9973485471308794,-1.2551742836558184,-0.6588942268603293,10.362
315,0.9857892253325332,-1.2573321589945718,-0.6511498659580737,10.395000000000001
316,0.9741106409231597,-1.2569493086019654,-0.6330965326247404,10.428
317,0.9624320565137862,-1.2553012017494682,-0.6187536754818833,10.461
318,0.9434249588237617,-1.250300207010109,-0.5975889695995303,10.494
319,0.9207566661408348,-1.2417296043517014,-0.5764242637171774,10.527000000000001
320,0.8579530269615859,-1.2331590016932938,-0.5620814065743203,10.56
321,0.795149387782337,-1.2315108948407967,-0.5506603539427414,10.593
322,0.7323457486030881,-1.2266847736763593,-0.5392393013111625,10.626000000000001
323,0.685826524894722,-1.241421909386178,-0.562100839772701,10.659
324,0.6408144084509768,-1.259242448538938,-0.5849623782342395,10.692
325,0.6216343959431594,-1.2739795842487567,-0.607823916695778,10.725
326,0.6295308341932562,-1.2808817974375553,-0.6213326886256025,10.758000000000001
327,0.637427272443353,-1.2877840106263538,-0.6389958465203394,10.791
328,0.6453237106934497,-1.2946862238151524,-0.6525046184501639,10.824
329,0.6515015968723116,-1.301588437003951,-0.6668107408991436,10.857000000000001
330,0.6466975943707481,-1.2961226296141697,-0.6589297885181913,10.89
331,0.6418935918691847,-1.3079159507086708,-0.6500679999003052,10.923
332,0.6370895893676213,-1.319709271803172,-0.6412062112824191,10.956000000000001
333,0.63894063772021,-1.3207840899460903,-0.6457219345528593,10.989
334,0.6407916860727988,-1.3191799993391464,-0.6502376578232996,11.022
335,0.6426427344253876,-1.3175759087322025,-0.6547533810937398,11.055
336,0.6407142317811378,-1.3132187695045603,-0.6592691043641801,11.088000000000001
337,0.6314164106429264,-1.308861630276918,-0.6396557710308467,11.121
338,0.6091116850331704,-1.3045044910492758,-0.6143343424594181,11.154
339,0.5829759299734921,-1.3001473518216335,-0.586584342459418,11.187000000000001
340,0.5552876468553669,-1.3003503715661167,-0.558834342459418,11.22
341,0.5233122306726337,-1.3015938435890722,-0.5335129138879894,11.253
342,0.4913368144899004,-1.3084336809874462,-0.5081914853165608,11.286000000000001
343,0.46520105943022216,-1.3161487917247605,-0.48991562324759524,11.319
344,0.4544322071442967,-1.3238639024620749,-0.4718579309399029,11.352
345,0.4462971636904139,-1.3333798954934337,-0.4538002386322106,11.385
346,0.44035836102966003,-1.3428958885247926,-0.43552437656324505,11.418000000000001
347,0.4344232739216461,-1.350610999262107,-0.4280503505892191,11.451
348,0.43460433760728295,-1.3546512479469468,-0.4369074934463619,11.484
349,0.4506870348813145,-1.3641672409783057,-0.4552037897426582,11.517000000000001
350,0.47690532756424137,-1.3894739773313836,-0.47567998021884866,11.55
351,0.5088754398367927,-1.4147807136844615,-0.49615617069503914,11.583
352,0.540845552109344,-1.4400874500375394,-0.5163466468855153,11.616
353,0.5670638447922709,-1.4653941863906172,-0.5365371230759916,11.649000000000001
354,0.5727705831138914,-1.489804190524557,-0.5553139087902772,11.682
355,0.5574236064878751,-1.5133334588172398,-0.5671444172648534,11.715
356,0.5420766298618589,-1.5249755766042714,-0.552550921329894,11.748000000000001
357,0.5267296532358426,-1.536617694391303,-0.5379574253949346,11.781
358,0.525060963963584,-1.5482598121783346,-0.5567342111092203,11.814
359,0.5233922746913254,-1.5599019299653663,-0.5667197183555971,11.847000000000001
360,0.5235451202197807,-1.55925245261345,-0.5767052256019739,11.88
361,0.523697965748236,-1.5586029752615336,-0.594728847649218,11.913
362,0.515166081690265,-1.5579534979096172,-0.6047143548955948,11.946
363,0.5051524111091148,-1.557304020557701,-0.6146998621419716,11.979000000000001
364,0.4951387405279645,-1.5601870076097937,-0.6043325152031961,12.012
365,0.48347350782839343,-1.5630699946618865,-0.5939651682644206,12.045
366,0.46372836098917,-1.5659529817139792,-0.5760074217855473,12.078000000000001
367,0.4436387049541481,-1.568835968766072,-0.5577304987086242,12.111
368,0.4235490489191262,-1.5846198152274875,-0.5394535756317012,12.144
369,0.3975437443742775,-1.600403661688903,-0.5211766525547781,12.177000000000001
370,0.37153843982942875,-1.6161875081503185,-0.502899729477855,12.21
371,0.35144878379440686,-1.622362440399641,-0.4846228064009319,12.243
372,0.33328093057533414,-1.6054165158634726,-0.46846064423876976,12.276
373,0.32631163483042863,-1.5698344231594286,-0.49949768127580685,12.309000000000001
374,0.3592407405214855,-1.5341719841350383,-0.5333776812758069,12.342
375,0.428224359913235,-1.498509545110648,-0.5672576812758069,12.375
376,0.49720797930498445,-1.4628471060862578,-0.6011376812758069,12.408000000000001
377,0.566191598696734,-1.4493038540537375,-0.6350176812758069,12.441
378,0.6176656727708081,-1.4960797836818862,-0.668897681275807,12.474
379,0.626435399304437,-1.542855713310035,-0.6423522267303523,12.507000000000001
380,0.6318893510570693,-1.5896316429381836,-0.6158067721848977,12.540000000000001
381,0.6292592929850601,-1.628025989404725,-0.5983352274694506,12.573
382,0.6215780520254113,-1.6548199879265284,-0.5808636827540035,12.606
383,0.6126801908621843,-1.6816139864483317,-0.5633921380385564,12.639000000000001
384,0.6037823296989573,-1.688762732021677,-0.5576153140042216,12.672
385,0.5961010887393084,-1.6966207330927057,-0.5707829786748803,12.705
386,0.5887268796110786,-1.7044787341637344,-0.5650061546405455,12.738000000000001
387,0.5813526704828488,-1.7271793861801557,-0.5592293306062107,12.771
388,0.5800159637724981,-1.749880038196577,-0.553452506571876,12.804
389,0.5786792570621474,-1.7725806902129981,-0.5399242046850835,12.837
390,0.5773425503517967,-1.7952813422294194,-0.5263959027982911,12.870000000000001
391,0.5765312729171339,-1.8202944406937374,-0.5339967611673898,12.903
392,0.5799067701815405,-1.8369200956169534,-0.5415976195364886,12.936
393,0.583282267445947,-1.846787815614908,-0.5491984779055873,12.969000000000001
394,0.5824709900112842,-1.863413470538124,-0.5689762556833651,13.002
395,0.5809189705338702,-1.888426569002442,-0.5900508825490367,13.035
396,0.5793669510564562,-1.927745457261092,-0.6098286603268145,13.068000000000001
397,0.5778149315790422,-1.9670643455197419,-0.6309032871924861,13.101
398,0.5839360499609577,-2.0086543710020863,-0.6566468769360758,13.134
399,0.5900571683428733,-2.0479732592607363,-0.6777215038017474,13.167
400,0.5961782867247888,-2.0778695306372432,-0.6899605281919914,13.200000000000001
401,0.5976980948684769,-2.0775658695757877,-0.7021995525822353,13.233
402,0.599217903012165,-2.071804540188435,-0.7144385769724793,13.266
403,0.5939709864942194,-2.0660432108010824,-0.7198025937088809,13.299000000000001
404,0.5887240699762738,-2.057673232876138,-0.7320416180991248,13.332
405,0.5981223150684808,-2.049303254951193,-0.747148175476174,13.365
406,0.6075205601606878,-2.0346686327025316,-0.7622547328532231,13.398000000000001
407,0.6121333035904476,-2.017247534475156,-0.7439617392226499,13.431000000000001
408,0.6167460470202074,-1.9985757902485113,-0.759068296599699,13.464
409,0.6184039331990692,-1.9767554065086739,-0.7324042965996991,13.497
410,0.6200618193779309,-1.946749633237458,-0.7043031730041934,13.530000000000001
411,0.6188877435994373,-1.9167438599662423,-0.6776391730041935,13.563
412,0.6177136678209437,-1.8862506094676996,-0.6549504937589105,13.596
413,0.6181831942793662,-1.855757358969157,-0.6322618145136274,13.629000000000001
414,0.6186527207377887,-1.8252641084706143,-0.6095731352683443,13.662
415,0.6191222471962111,-1.7947708579720716,-0.5899528821037874,13.695
416,0.6195917736546336,-1.7645696028016251,-0.5867598996476471,13.728000000000002
417,0.6194777963453689,-1.7444118097365149,-0.5835669171915068,13.761000000000001
418,0.6185042685783452,-1.7242540166714047,-0.5738098550446141,13.794
419,0.6175307408113214,-1.7085155776470144,-0.5706168725884738,13.827
420,0.6164218262484916,-1.6927771386226242,-0.5608598104415812,13.860000000000001
421,0.614805285738259,-1.677038699598234,-0.5498425690622708,13.893
422,0.6077348443909883,-1.6572366090058996,-0.5388253276829604,13.926
423,0.5993797224397689,-1.6374345184135652,-0.528780883238516,13.959000000000001
424,0.5903515020242314,-1.6176324278212308,-0.5177636418592056,13.992
425,0.5714122668541018,-1.6095218587155398,-0.5067464004798953,14.025
426,0.5459892893784255,-1.604370428423459,-0.49670195603545086,14.058
427,0.5205663119027492,-1.602619128943251,-0.4801281855436476,14.091000000000001
428,0.49622506896489604,-1.6060624256115117,-0.45937408718299183,14.124
429,0.47188382602704293,-1.6095057222797724,-0.4428003166911886,14.157
430,0.4536908365561646,-1.612949018948033,-0.4360944343382474,14.190000000000001
431,0.4435059094687985,-1.6092220646015665,-0.42871348195729503,14.223
432,0.43332098238143235,-1.5915142055229756,-0.42363655888037194,14.256
433,0.4231360552940662,-1.5738063464443848,-0.41979445361721407,14.289000000000001
434,0.4129511282067001,-1.5575238189875313,-0.4153611202838807,14.322000000000001
435,0.402766201119334,-1.5398159599089405,-0.41151901502072286,14.355
436,0.40141761091002764,-1.5213157973073144,-0.40785944055263773,14.388
437,0.4032194936656973,-1.4971455564728307,-0.4041998660845526,14.421000000000001
438,0.4056684367551282,-1.472975315638347,-0.4019757281535181,14.454
439,0.41928632293399,-1.4488050748038632,-0.4007681809837068,14.487
440,0.43290420911285177,-1.4252481642347576,-0.4034168296323555,14.520000000000001
441,0.44652209529171355,-1.4064768392512375,-0.40220928246254417,14.553
442,0.46013998147057533,-1.3944143537692397,-0.3999851445315097,14.586
443,0.4679948014473465,-1.3935077335601804,-0.40263379318015835,14.619000000000002
444,0.4758496214241177,-1.3926011133511211,-0.40623119577756095,14.652000000000001
445,0.4820333419041796,-1.3916944931420618,-0.40982859837496355,14.685
446,0.48821706238424156,-1.3907878729330025,-0.41342600097236615,14.718
447,0.49144370159868567,-1.3896908143781472,-0.41792600097236615,14.751000000000001
448,0.4905844082510352,-1.3774817731670455,-0.42707894214883674,14.784
449,0.4897251149033848,-1.3763847146121901,-0.43157894214883674,14.817
450,0.4888658215557343,-1.3756003714102676,-0.4292004110753904,14.850000000000001
451,0.4851265148710008,-1.3745033128554123,-0.4337004110753904,14.883000000000001
452,0.4847621481043385,-1.3744012825089056,-0.4313218800019441,14.916
453,0.4843977813376762,-1.374299252162399,-0.4289433489284978,14.949
454,0.4827277421928403,-1.37396038533187,-0.43674581806430024,14.982000000000001
455,0.48105770304800444,-1.3729181089091058,-0.4445482872001027,15.015
456,0.48069333628134214,-1.372579242078577,-0.44932769896480856,15.048
457,0.48078024445924744,-1.372240375248048,-0.45410711072951443,15.081000000000001
458,0.48086715263715274,-1.3711980988252839,-0.4578601227777072,15.114
459,0.48095406081505804,-1.3706811838615396,-0.45906243491643556,15.147
460,0.48104096899296334,-1.3701642688977953,-0.4586462187002193,15.180000000000001
461,0.48131340883857393,-1.3695990329437597,-0.4582300024840031,15.213000000000001
462,0.4815858486841845,-1.3690337969897242,-0.45781378626778685,15.246
463,0.4818582885297951,-1.3685168820259799,-0.4566685348711388,15.279
464,0.4821307283754057,-1.3689989916778456,-0.4537813553839593,15.312000000000001
465,0.47754493834359235,-1.3694811013297112,-0.44557680992941384,15.345
466,0.4718158490149632,-1.3700571815056073,-0.4373722644748684,15.378
467,0.46608675968633406,-1.3706332616815033,-0.4291677190203229,15.411000000000001
468,0.4603576703577049,-1.370964073776141,-0.431111115246738,15.444
469,0.455754977268274,-1.3710023544845296,-0.4330545114731531,15.477
470,0.4511522841788431,-1.3713331665791673,-0.4353354103495576,15.510000000000002
471,0.4465495910894122,-1.3696750110913625,-0.43761630922596206,15.543000000000001
472,0.4393637620674856,-1.3680168556035577,-0.43171005922596206,15.576
473,0.430210760191313,-1.3663587001157529,-0.4205388880547909,15.609
474,0.4194325882277752,-1.363083112332848,-0.4093677168836197,15.642000000000001
475,0.40860528287364056,-1.3587944006380388,-0.39819654571244856,15.675
476,0.39731195631537497,-1.3489867304401246,-0.3894882123791152,15.708
477,0.385220231576699,-1.33541990809105,-0.3807798790457818,15.741000000000001
478,0.3722657462521848,-1.3218530857419755,-0.3747090825856048,15.774000000000001
479,0.3592837362193185,-1.3082862633929009,-0.3686382861254278,15.807
480,0.34630172618645216,-1.301137445950181,-0.3625674896652508,15.84
481,0.3324180048265113,-1.298223063620517,-0.35711294421070533,15.873000000000001
482,0.3185342834665704,-1.2964501005916167,-0.35165839875615984,15.906
483,0.30792782905088123,-1.2946771375627164,-0.35560875336608894,15.939
484,0.29732137463519204,-1.2932449170702986,-0.35955910797601803,15.972000000000001
485,0.2863752536485584,-1.2914719540413984,-0.3640391079760181,16.005
486,0.2754291326619248,-1.289698991012498,-0.35907910797601805,16.038
487,0.2644830116752912,-1.2873883846697933,-0.3639798713347967,16.071
488,0.2535368906886576,-1.2861710851978296,-0.36914333287325823,16.104
489,0.2482612427375472,-1.2867604575555531,-0.37430679441171977,16.137
490,0.24325126775318198,-1.2873498299132766,-0.36934679441171975,16.17
491,0.23824129276881675,-1.2870094584219705,-0.36422270682047886,16.203
492,0.23296564481770637,-1.2866690869306643,-0.35909861922923797,16.236
493,0.22402262409172444,-1.2863287154393581,-0.3539745316379971,16.269000000000002
494,0.21003596542185904,-1.285988343948052,-0.3488504440467562,16.302
495,0.19585894645166935,-1.2886082151337768,-0.3436391764411224,16.335
496,0.18007161670824204,-1.2912280863195016,-0.3385796526315986,16.368000000000002
497,0.16428428696481473,-1.2938479575052264,-0.3335201288220748,16.401
498,0.1492720478964781,-1.2836531839860625,-0.32756360708294435,16.434
499,0.1350950289262884,-1.2734584104668987,-0.3193612261305634,16.467000000000002
500,0.12008278985795177,-1.2632636369477348,-0.3143017023210396,16.5
501,0.10924746271896608,-1.2618834533652539,-0.31285654103071703,16.533
502,0.10286835077400049,-1.260503269782773,-0.31141137974039446,16.566000000000003
503,0.0980412749806619,-1.259123086200292,-0.3141027377650858,16.599
504,0.09321419918732331,-1.2570357631048388,-0.31679409578977713,16.632
505,0.08838712339398472,-1.25471813601648,-0.31534893449945456,16.665
506,0.07804776319603493,-1.2489049207505694,-0.31249023884728067,16.698
507,0.06278895101469278,-1.2420092315843754,-0.3096315431951068,16.731
508,0.04753013883335064,-1.2351135424181814,-0.3067728475429329,16.764
509,0.03153210611228267,-1.2327959153298227,-0.3052913660614514,16.797
510,0.016273293930940524,-1.233119464038994,-0.3038574037973005,16.830000000000002
511,0.002761243989012523,-1.2334430127481653,-0.30242344153314954,16.863
512,-0.010750805952915478,-1.2337665614573365,-0.30094196005166807,16.896
513,-0.024262855894843477,-1.2331590411321334,-0.2994604785701866,16.929000000000002
514,-0.037774905836771476,-1.2304090941544028,-0.2975438119035199,16.962
515,-0.051286955778699475,-1.2274904288427497,-0.29562714523685324,16.995
516,-0.06251390119101072,-1.2151683780712217,-0.29371047857018656,17.028000000000002
517,-0.07374084660332196,-1.2013354105915468,-0.2933409133527953,17.061
518,-0.0849677920156332,-1.187502443111872,-0.2916522905983043,17.094
519,-0.09610332047091774,-1.1751803923403439,-0.2934680800719885,17.127000000000002
520,-0.09459005432029217,-1.1700311883093815,-0.2952838695456727,17.16
521,-0.09307678816966661,-1.1689184816317528,-0.2970996590193569,17.193
522,-0.08799979876340891,-1.1707862458593952,-0.2954110362648659,17.226
523,-0.08292280935715121,-1.174482253086134,-0.2955665918204215,17.259
524,-0.07784581995089351,-1.1850588525912595,-0.2957221473759771,17.292
525,-0.07276883054463582,-1.195635452096385,-0.29587770293153265,17.325
526,-0.06101180677186643,-1.199331459323124,-0.3007762536561703,17.358
527,-0.04529979926717596,-1.2030274665498628,-0.3056748043808079,17.391000000000002
528,-0.024728337030814444,-1.212479986875066,-0.31057335510544554,17.424
529,-0.009016329526123974,-1.2219325072002691,-0.307786838251513,17.457
530,0.0027406942466454143,-1.2373198096575633,-0.30500032139758043,17.490000000000002
531,-0.00392759843628143,-1.2527071121148574,-0.3021503213975804,17.523
532,-0.010595891119208275,-1.2621596324400606,-0.2993003213975804,17.556
533,-0.027556988073461398,-1.2634616197932673,-0.294419724382655,17.589000000000002
534,-0.036467436733503555,-1.2639917010940804,-0.291794724382655,17.622
535,-0.04531651286062847,-1.2645217823948935,-0.28916972438265504,17.655
536,-0.05422696152067062,-1.2650518636957067,-0.28654472438265505,17.688000000000002
537,-0.07607331957608791,-1.2693619400691978,-0.2870632429011736,17.721
538,-0.10433854992839142,-1.273672016442689,-0.2875817614196921,17.754
539,-0.13260378028069492,-1.27798209281618,-0.28649352612557444,17.787000000000003
540,-0.1608690106329984,-1.2848062391576434,-0.2781268594589078,17.82
541,-0.16792136835657565,-1.2873238001332532,-0.27703862416479014,17.853
542,-0.1457845438706837,-1.289841361108863,-0.26151688503435533,17.886
543,-0.04295910149861294,-1.299335478755922,-0.22998747326964947,17.919
544,0.059866340873457824,-1.3088295964029808,-0.1984580615049436,17.952
545,0.08449973312042382,-1.3113471573785906,-0.192078499461148,17.985
546,0.10913312536738981,-1.3172436824244862,-0.18569893741735238,18.018
547,0.11209624921760644,-1.3068316712678782,-0.17931937537355677,18.051000000000002
548,0.10635204833255964,-1.2929878159597599,-0.1766991222089998,18.084
549,0.0993290518168802,-1.282575804803152,-0.1703195601652042,18.117
550,0.09230605530120077,-1.273499436694933,-0.16584375371359128,18.150000000000002
551,0.08656185441615397,-1.2644230685867142,-0.16136794726197837,18.183
